cluster_id,caseName,us_cite,dateFiled,n_opinions,total_chars,text_sources
84679,Oswald v. State of New York,2 U.S. 401,1792-02-14,1,839,html_with_citations
1299643,Vanstophorst v. Maryland,2 U.S. 401,1792-02-14,1,548,html_with_citations
1304346,West v. Barnes,2 U.S. 401,1792-02-14,1,349,html_with_citations
84680,Georgia v. Brailsford,2 U.S. 402,1792-08-11,1,12359,html_with_citations
1299599,Hayburn's Case,2 U.S. 409,1792-08-11,1,18011,html_with_citations
84681,Chisholm v. Georgia,2 U.S. 419,1793-02-19,1,181300,html_with_citations
1303430,Oswald v. State of New York,2 U.S. 415,1793-02-20,1,1090,html_with_citations
1306761,Georgia v. Brailsford,2 U.S. 415,1793-02-20,1,11165,html_with_citations
84683,Georgia v. Brailsford,3 U.S. 1,1794-02-17,1,6749,html_with_citations
2160646,Glass v. the Sloop Betsey,3 U.S. 6,1794-02-18,1,3529,html_with_citations
84684,United States v. Hamilton,3 U.S. 17,1795-02-20,1,3113,html_with_citations
2093658,Penhallow v. Doane's Administrators,3 U.S. 54,1795-02-24,1,116943,html_with_citations
2230740,Bingham v. Cabbot,3 U.S. 19,1795-03-02,1,21244,html_with_citations
2216108,United States v. Lawrence,3 U.S. 42,1795-03-03,1,977,html_with_citations
2229179,Talbot v. Janson,3 U.S. 133,1795-08-22,1,62121,html_with_citations
84685,United States v. Peters,3 U.S. 121,1795-08-24,1,12090,html_with_citations
2220732,McDonough v. Dannery,3 U.S. 188,1796-02-17,1,28322,html_with_citations
84687,Hills in Error v. Ross,3 U.S. 184,1796-02-26,1,11810,html_with_citations
2351149,Ware v. Hylton,3 U.S. 199,1796-03-07,1,224954,html_with_citations
2218550,Geyer v. Michel,3 U.S. 285,1796-03-14,1,944,html_with_citations
84686,Hylton v. United States,3 U.S. 171,1796-03-17,1,37832,html_with_citations
2347065,Hunter v. Fairfax's,3 U.S. 305,1796-08-06,1,2367,html_with_citations
2095284,Moodie v. the Ship Alfred,3 U.S. 307,1796-08-09,1,251,html_with_citations
2098227,Moodie v. Ship Phoebe Anne,3 U.S. 319,1796-08-09,1,1366,html_with_citations
2273280,Cotton v. Wallace,3 U.S. 302,1796-08-09,1,759,html_with_citations
84688,The United States v. La Vengeance,3 U.S. 297,1796-08-11,1,14129,html_with_citations
2096950,Del Col v. Arnold,3 U.S. 333,1796-08-11,1,2111,html_with_citations
2220154,Olney v. Arnold,3 U.S. 308,1796-08-11,1,1145,html_with_citations
84689,Hills v. Ross,3 U.S. 331,1796-08-12,1,1736,html_with_citations
2215103,Grayson v. Virginia,3 U.S. 320,1796-08-12,1,2605,html_with_citations
2219105,Arcambel v. Wiseman,3 U.S. 306,1796-08-12,1,774,html_with_citations
2224213,Wiscart v. Dauchy,3 U.S. 321,1796-08-12,1,18779,html_with_citations
2225895,Huger v. South Carolina,3 U.S. 339,1797-02-10,1,1160,html_with_citations
84691,"Clerke, in Error v. Harwood",3 U.S. 342,1797-02-11,1,5003,html_with_citations
84690,Jennings v. Brig Perseverance,3 U.S. 336,1797-02-13,3,35248,html_with_citations
84692,Brown v. Van Braam,3 U.S. 344,1797-02-13,1,39119,html_with_citations
2346358,Fenemore v. United States,3 U.S. 357,1797-08-07,1,5040,html_with_citations
84693,Brown v. Barry,3 U.S. 365,1797-08-15,1,6975,html_with_citations
2229888,Hamilton v. Moore,3 U.S. 371,1797-08-15,1,467,html_with_citations
2219671,Jones v. Le Tombe,3 U.S. 384,1798-02-09,1,1274,html_with_citations
84694,Hollingsworth v. Virginia,3 U.S. 378,1798-02-14,1,12051,html_with_citations
2158753,Bingham v. Cabot,3 U.S. 382,1798-02-14,1,1011,html_with_citations
2217721,Emory v. Grenough,3 U.S. 369,1798-02-14,1,30813,html_with_citations
84695,Calder v. Bull,3 U.S. 386,1798-08-17,1,42280,html_with_citations
2224796,Wilson v. Daniel,3 U.S. 401,1798-08-17,1,18678,html_with_citations
84696,Dewhurst v. Coulthard,3 U.S. 409,1799-02-01,1,6342,html_with_citations
84697,Fowler v. Lindsey,3 U.S. 411,1799-02-19,1,9044,html_with_citations
84698,Sims Lessee v. Irvine,3 U.S. 425,1799-02-19,1,31471,html_with_citations
2225264,Clarke v. Russel,3 U.S. 415,1799-02-19,1,3153,html_with_citations
2620848,Turner v. Enrille,4 U.S. 7,1799-08-09,1,789,html_with_citations
84706,State of New York v. State of Connecticut Et Al.,4 U.S. 1,1799-08-17,1,15374,html_with_citations
84707,"Turner, Administrator of Stanley, in Error v. The President, Directors and Company of the Bank of North America",4 U.S. 8,1799-08-17,1,12308,html_with_citations
2620825,Williamson v. Kincaid,4 U.S. 20,1800-02-01,1,758,html_with_citations
2620845,Blair v. Miller,4 U.S. 21,1800-02-01,1,634,html_with_citations
2620855,Cooper v. Telfair,4 U.S. 14,1800-02-13,1,6213,html_with_citations
84709,Course v. Stead,4 U.S. 22,1800-02-18,1,8578,html_with_citations
2620829,Blaine v. Ship Clarles Carter,4 U.S. 22,1800-02-18,1,585,html_with_citations
2620868,Rutherford v. Fisher,4 U.S. 22,1800-02-18,1,792,html_with_citations
2620828,Talbot v. Ship Amelia,4 U.S. 34,1800-08-01,1,1779,html_with_citations
84708,"Mossman, Surviving in Error v. Higginson, Surviving Partner, in Error",4 U.S. 12,1800-08-11,1,7432,html_with_citations
84710,"Priestman, in Error v. The United States",4 U.S. 28,1800-08-15,1,21830,html_with_citations
2620852,Bas v. Tingy,4 U.S. 37,1800-08-15,1,22468,html_with_citations
84754,Talbot v. Seeman,5 U.S. 1,1801-08-11,1,52718,html_with_citations
84757,Resler v. Shehee,5 U.S. 110,1801-12-11,1,6076,html_with_citations
84755,Wilson v. Mason,5 U.S. 45,1801-12-15,1,34814,html_with_citations
84756,United States v. Schooner Peggy,5 U.S. 103,1801-12-21,1,5189,html_with_citations
84758,Turner v. Fendall,5 U.S. 116,1801-12-21,1,19134,html_with_citations
84775,Lloyd v. Alexander,5 U.S. 365,1803-02-10,1,1054,html_with_citations
84760,Clark v. Robert Young & Co.,5 U.S. 181,1803-02-17,1,9486,html_with_citations
84762,Clarke v. Bazadone,5 U.S. 212,1803-02-17,1,967,html_with_citations
84763,Hooe & Co. v. Groverman,5 U.S. 214,1803-02-23,1,23331,html_with_citations
84765,United States v. Simms,5 U.S. 252,1803-02-23,1,8517,html_with_citations
84759,Marbury v. Madison,5 U.S. 137,1803-02-24,1,61114,html_with_citations
84766,Fenwick v. Sears's Administrators,5 U.S. 259,1803-02-25,1,1525,html_with_citations
84771,The United States v. R. T. Hooe and Others,5 U.S. 318,1803-02-25,1,3305,html_with_citations
84761,Wilson v. Lenox and Maitland,5 U.S. 194,1803-02-26,1,2178,html_with_citations
84767,Thompson v. Jameson,5 U.S. 282,1803-02-26,1,323,html_with_citations
84768,Mandeville v. Joseph Riddle & Co.,5 U.S. 290,1803-02-26,1,2951,html_with_citations
84770,Hamilton v. Russell,5 U.S. 309,1803-02-28,1,9035,html_with_citations
84772,Hepburn v. Auld,5 U.S. 321,1803-02-28,1,4467,html_with_citations
2620768,Abercrombie v. Dupuis,5 U.S. 342,1803-02-28,1,682,html_with_citations
2620770,Lindo v. Gardner,5 U.S. 343,1803-02-28,1,3367,html_with_citations
2620769,Wood v. Owings,5 U.S. 238,1803-03-01,1,9803,html_with_citations
84764,"Gabriel Wood, in Error v. William Owings and Job Smith, Assignees of William Robb, a Bankrupt",5 U.S. 239,1803-03-18,1,5537,html_with_citations
84769,Stuart v. Laird,5 U.S. 299,1803-03-18,1,3164,html_with_citations
84773,Marine Insurance Company of Alexandria v. James Young,5 U.S. 332,1803-03-18,1,789,html_with_citations
84774,Hodgson v. Dexter,5 U.S. 345,1803-03-18,1,6084,html_with_citations
2620814,Wood v. Wagnon,6 U.S. 9,1804-02-09,1,1214,html_with_citations
2620817,Williams v. Lyles,6 U.S. 9,1804-02-09,1,1638,html_with_citations
84776,Faw v. Marsteller,6 U.S. 10,1804-02-14,1,30902,html_with_citations
6726196,Williams & Hodges v. Lyles,6 U.S. 10,1804-02-15,1,1426,html_with_citations
84777,Ogle v. Lee,6 U.S. 33,1804-02-22,1,29202,html_with_citations
84778,Murray v. Schooner Charming Betsy,6 U.S. 64,1804-02-22,1,24186,html_with_citations
6726202,Pennington v. Coxe,6 U.S. 34,1804-02-22,1,28832,html_with_citations
84780,Head & Amory v. Providence Ins. Co.,6 U.S. 127,1804-02-25,1,15533,html_with_citations
84781,Little v. Barreme,6 U.S. 170,1804-02-27,1,8781,html_with_citations
84782,Dunlop & Co. v. Ball,6 U.S. 180,1804-02-28,1,3269,html_with_citations
84783,Blakeney v. Evans,6 U.S. 185,1804-02-29,1,5194,html_with_citations
6726218,Ogden v. Blackledge,6 U.S. 272,1804-03-06,1,1069,html_with_citations
84779,Capron v. Van Noorden,6 U.S. 126,1804-03-18,1,1367,html_with_citations
84784,Church v. Hubbart,6 U.S. 187,1804-03-18,1,18347,html_with_citations
84785,Mason v. Ship Blaireau,6 U.S. 240,1804-03-18,1,18229,html_with_citations
84786,"Ogden, Administrator of Cornell v. Blackledge, of Salter",6 U.S. 272,1804-03-18,1,11483,html_with_citations
6726221,McIlvaine v. Lessee,6 U.S. 281,1805-02-15,1,99218,html_with_citations
6726225,"Reily v. Lamar, Beall & Smith",6 U.S. 345,1805-02-15,1,2282,html_with_citations
84788,Adams v. Woods,6 U.S. 336,1805-02-19,1,9460,html_with_citations
84790,Reily v. Lámar,6 U.S. 344,1805-02-19,1,3301,html_with_citations
84791,United States v. Fisher,6 U.S. 358,1805-02-21,1,45536,html_with_citations
84792,Telfair v. Stead's Executors,6 U.S. 407,1805-02-25,1,892,html_with_citations
84793,Graves & Barnewall v. Boston Marine Insurance,6 U.S. 419,1805-02-25,1,14839,html_with_citations
84794,Hepburn & Dundas v. Ellzey,6 U.S. 445,1805-02-25,1,2980,html_with_citations
2620815,Bailiff v. Tipping,6 U.S. 406,1805-02-25,1,640,html_with_citations
2620816,United States v. Schooner Sally,6 U.S. 406,1805-02-25,1,984,html_with_citations
84795,Huidekoper's Lessee v. Douglass,7 U.S. 1,1805-02-27,3,36949,html_with_citations
84796,United States v. Hooe Et Al.,7 U.S. 73,1805-02-27,1,9404,html_with_citations
84797,Peyton v. Brooke,7 U.S. 92,1805-02-27,1,12084,html_with_citations
84787,McIlvaine v. Coxe's Lessee,6 U.S. 280,1805-03-18,1,113145,html_with_citations
84789,Winchester v. Hackley,6 U.S. 342,1805-03-18,1,4379,html_with_citations
84798,Lambert's Lessee v. Payne,7 U.S. 97,1805-03-18,1,31889,html_with_citations
84799,Hodgson v. Butts,7 U.S. 140,1805-03-18,1,6865,html_with_citations
84800,United States v. Benjamin More. 1,7 U.S. 159,1805-03-18,1,40481,html_with_citations
84801,Faw v. Roberdeau's,7 U.S. 174,1805-03-18,1,12071,html_with_citations
84802,Ray v. Law,7 U.S. 179,1805-03-18,1,583,html_with_citations
84803,Levy v. Gadsby,7 U.S. 180,1805-03-18,1,17507,html_with_citations
84804,The Marine Insurance Company of Alexandria v. Wilson.,7 U.S. 187,1805-03-18,1,13110,html_with_citations
84805,Wilson v. Codman's,7 U.S. 193,1805-03-18,1,8903,html_with_citations
84806,Hallet and Bowne v. Jenks and Others,7 U.S. 210,1805-03-18,1,24841,html_with_citations
84807,"Milligan, Administrator of Milligan v. Milledge & Wife.",7 U.S. 220,1805-03-18,1,20917,html_with_citations
84808,Cooke v. Graham's Administrator.,7 U.S. 229,1805-03-18,1,16720,html_with_citations
84809,Dobynes & Morton v. United States,7 U.S. 241,1806-02-10,1,710,html_with_citations
84810,Hannay v. Eve,7 U.S. 242,1806-02-13,1,5349,html_with_citations
84811,S. AND A. SILSBY v. Young and Silsby,7 U.S. 249,1806-02-13,1,12318,html_with_citations
84812,Strawbridge v. Curtiss,7 U.S. 267,1806-02-13,1,1211,html_with_citations
84813,Gordon v. Caldcleugh,7 U.S. 268,1806-02-13,1,1520,html_with_citations
2429586,Montalet v. Murray,7 U.S. 249,1806-02-13,1,655,html_with_citations
6726237,Silsby v. Young,7 U.S. 149,1806-02-13,1,11931,html_with_citations
84814,McFerran v. Taylor,7 U.S. 270,1806-02-14,1,6719,html_with_citations
84815,Wilson v. Speed,7 U.S. 283,1806-02-14,1,6324,html_with_citations
84817,Douglass & Mandeville v. McAllister,7 U.S. 298,1806-02-17,1,1010,html_with_citations
2429567,Field v. Milton,7 U.S. 514,1806-02-17,1,553,html_with_citations
2432524,Winchester v. JACKSON AND OTHERS,7 U.S. 514,1806-02-17,1,650,html_with_citations
84818,Simms v. Slacum,7 U.S. 300,1806-02-19,3,24231,html_with_citations
84819,Harris v. Johnston,7 U.S. 311,1806-02-19,1,22322,html_with_citations
84820,Dixon's Executors v. Ramsay's Executors,7 U.S. 319,1806-02-19,1,12681,html_with_citations
84821,Scott v. Negro London,7 U.S. 324,1806-02-19,1,18841,html_with_citations
84822,Wise v. Withers,7 U.S. 331,1806-02-19,1,4900,html_with_citations
84823,United States v. Grundy and Thornburgh,7 U.S. 337,1806-02-22,1,46207,html_with_citations
84826,"Manella, Pujals, and Co. v. Barry",7 U.S. 415,1806-02-26,1,20716,html_with_citations
84825,United States v. Heth,7 U.S. 399,1806-02-27,1,17959,html_with_citations
84816,Buddicum v. Kirk,7 U.S. 293,1806-03-18,1,12962,html_with_citations
84824,Ma. In. Co. of Alexandria v. J. and Jh Tucker,7 U.S. 357,1806-03-18,1,36415,html_with_citations
84827,Ex Parte Burford,7 U.S. 448,1806-03-18,1,9497,html_with_citations
84828,Hopkirk v. Bell,7 U.S. 454,1806-03-18,1,11471,html_with_citations
84829,Maley v. Shattuck,7 U.S. 458,1806-03-18,1,11253,html_with_citations
84830,Lawrason v. Mason,7 U.S. 492,1806-03-18,1,9240,html_with_citations
84831,Knox v. Summers,7 U.S. 496,1806-03-18,1,603,html_with_citations
84832,Sands v. Knox,7 U.S. 499,1806-03-18,1,12176,html_with_citations
84833,Randolph v. Ware,7 U.S. 503,1806-03-18,1,11575,html_with_citations
84835,Jennings v. Carson,8 U.S. 2,1807-02-11,1,19493,html_with_citations
84836,Rhinelander v. Insurance Co. of Pennsylvania,8 U.S. 29,1807-02-11,1,11753,html_with_citations
84837,Montalet v. Murray,8 U.S. 46,1807-02-12,1,1258,html_with_citations
84838,United States v. Willings & Francis,8 U.S. 48,1807-02-14,1,10362,html_with_citations
84839,O'Neale v. Long,8 U.S. 60,1807-02-14,1,675,html_with_citations
84840,Smith and Others v. Carrington and Others,8 U.S. 62,1807-02-16,1,8279,html_with_citations
84834,United States v. Kid and Watson,8 U.S. 1,1807-02-18,1,1821,html_with_citations
84852,Wood v. Lide,8 U.S. 180,1807-02-19,1,1586,html_with_citations
84842,Ex Parte Bollman and Swartwout,8 U.S. 75,1807-02-20,3,187036,html_with_citations
84844,French's v. Bank of Columbia,8 U.S. 141,1807-02-23,1,23515,html_with_citations
84843,Skillern's Executors v. May's Executors,8 U.S. 137,1807-02-26,1,11140,html_with_citations
84841,Pendleton and Webb v. Wambersie and Others,8 U.S. 73,1807-02-27,1,2715,html_with_citations
84845,Hopkirk v. Bell,8 U.S. 164,1807-02-28,1,2259,html_with_citations
84846,Hicks v. Rogers,8 U.S. 165,1807-02-28,1,1856,html_with_citations
84847,United States v. Cantril,8 U.S. 167,1807-02-28,1,1029,html_with_citations
84848,Sthreshley and Obannon v. United States,8 U.S. 169,1807-02-28,1,959,html_with_citations
84849,Humphrey Marshall and Wife v. James Currie,8 U.S. 172,1807-02-28,1,3796,html_with_citations
84850,Viers v. Montgomery,8 U.S. 177,1807-02-28,1,1548,html_with_citations
84851,Diggs v. Wolcott,8 U.S. 179,1807-02-28,1,2118,html_with_citations
84853,Fitzsimmons v. Newport Insurance,8 U.S. 185,1808-02-18,1,12748,html_with_citations
84856,"United States v. Brig Union, &C.",8 U.S. 216,1808-02-22,1,3016,html_with_citations
84854,Marshall v. Delaware Insurance,8 U.S. 202,1808-02-23,1,6397,html_with_citations
84855,McIlvaine v. Coxe's Lessee,8 U.S. 209,1808-02-23,1,10316,html_with_citations
84857,Pawling and Others v. The United States,8 U.S. 219,1808-02-27,1,6007,html_with_citations
84858,Grant v. Naylor,8 U.S. 224,1808-02-29,1,30766,html_with_citations
84859,Woods v. Young,8 U.S. 237,1808-02-29,1,1359,html_with_citations
84860,Young v. Preston,8 U.S. 239,1808-02-29,1,3123,html_with_citations
84873,Alexander v. Baltimore Insurance,8 U.S. 370,1808-03-11,1,20988,html_with_citations
2419163,Morgan v. Callender,8 U.S. 370,1808-03-11,1,407,html_with_citations
84874,Matthews v. Zane,8 U.S. 382,1808-03-12,1,1042,html_with_citations
84875,Young v. The Bank of Alexandria,8 U.S. 384,1808-03-12,1,35374,html_with_citations
84876,Spiers v. Willison,8 U.S. 398,1808-03-14,1,1199,html_with_citations
84877,Ramsay v. Lee,8 U.S. 401,1808-03-14,1,747,html_with_citations
84878,Stead's Executors v. Course,8 U.S. 403,1808-03-14,1,29555,html_with_citations
84879,Higginson v. Mein,8 U.S. 415,1808-03-14,1,6151,html_with_citations
84867,Dawson's Lessee v. Godfrey,8 U.S. 321,1808-03-15,1,5698,html_with_citations
84880,Pollard & Pickett v. Dwight,8 U.S. 421,1808-03-15,1,9763,html_with_citations
84882,Croudson v. Leonard,8 U.S. 434,1808-03-15,1,20693,html_with_citations
84881,Ex Parte Lewis and Others,8 U.S. 433,1808-03-16,1,1470,html_with_citations
84883,"The United States v. The Schooner Betsey and Charlotte, and Her Cargo",8 U.S. 443,1808-03-16,1,25618,html_with_citations
84861,Rose v. Himely,8 U.S. 241,1808-03-18,4,115596,html_with_citations
84862,Hudson v. Guestier,8 U.S. 293,1808-03-18,3,24368,html_with_citations
84863,Alexander v. Harris,8 U.S. 299,1808-03-18,1,8467,html_with_citations
84864,Chappedelaine v. Dechenaux,8 U.S. 306,1808-03-18,1,4723,html_with_citations
84865,The United States v. McDowell,8 U.S. 316,1808-03-18,1,1368,html_with_citations
84866,The Mayor and Commonalty of Alexandria v. Patten and Others,8 U.S. 317,1808-03-18,1,10798,html_with_citations
84868,Mountz and Others v. Hodgson and Thompson,8 U.S. 324,1808-03-18,1,9987,html_with_citations
84869,Blaine v. The Ship Charles Carter. Donald and Burton and Others,8 U.S. 328,1808-03-18,1,4403,html_with_citations
84870,United States v. Gurney and Others,8 U.S. 333,1808-03-18,1,13004,html_with_citations
84871,Peisch and Others v. WARE AND OTHERS &C.,8 U.S. 347,1808-03-18,1,17779,html_with_citations
84872,Shearman v. Irvine's Lessee,8 U.S. 367,1808-03-18,1,7264,html_with_citations
2620973,Browne v. Strode,9 U.S. 303,1809-01-01,1,207,html_with_citations
2620974,Hodgson & Thompson v. Bowerbank,9 U.S. 303,1809-01-01,1,610,html_with_citations
84915,Welsh v. Mandeville & Jamesson,9 U.S. 321,1809-02-01,1,546,html_with_citations
84890,Tucker v. Oxley,9 U.S. 34,1809-02-15,1,12866,html_with_citations
84895,Matthews v. Zane's Lessee,9 U.S. 92,1809-02-16,1,17927,html_with_citations
84884,Alexander v. Mayor of Alexandria,9 U.S. 1,1809-02-18,1,10171,html_with_citations
84885,Henderson v. Moore,9 U.S. 11,1809-02-18,1,621,html_with_citations
84886,Cooke v. Woodrow,9 U.S. 13,1809-02-18,1,1322,html_with_citations
84887,Mandeville and Jamesson v. Wilson,9 U.S. 15,1809-02-18,1,9594,html_with_citations
2620975,United States v. Weeks,9 U.S. 1,1809-02-18,1,696,html_with_citations
84897,United States v. Peters,9 U.S. 115,1809-02-20,1,13525,html_with_citations
84900,Kempe's Lessee v. Kennedy,9 U.S. 173,1809-02-20,1,32385,html_with_citations
84888,Fairfax's v. Fairfax,9 U.S. 19,1809-02-21,1,3268,html_with_citations
84898,Violett v. Patton,9 U.S. 142,1809-02-23,1,11459,html_with_citations
84896,Hodgson v. Marine Ins. Co. of Alexandria,9 U.S. 100,1809-02-24,1,12519,html_with_citations
84904,The United States v. John Arthur and Robert Patterson,9 U.S. 257,1809-02-24,1,10076,html_with_citations
84906,The United States v. Evans,9 U.S. 280,1809-02-27,1,2032,html_with_citations
84901,The Marine Insurance Company of Alexandria v. James Young,9 U.S. 187,1809-02-28,1,9006,html_with_citations
84891,Young v. The Bank of Alexandria,9 U.S. 45,1809-03-10,1,9746,html_with_citations
84892,Yeaton v. Bank of Alexandria,9 U.S. 49,1809-03-10,1,13388,html_with_citations
84914,Himely v. Rose,9 U.S. 313,1809-03-10,1,10478,html_with_citations
84889,McKeen v. Delancy's Lessee,9 U.S. 22,1809-03-11,1,6658,html_with_citations
84917,Dulany v. Hodgkin,9 U.S. 333,1809-03-11,1,2900,html_with_citations
84899,Pierce v. Turner,9 U.S. 154,1809-03-13,1,19956,html_with_citations
84916,Riddle & Co. v. Mandeville & Jamesson,9 U.S. 322,1809-03-13,1,10378,html_with_citations
84918,Yeaton v. Fry,9 U.S. 335,1809-03-13,1,21036,html_with_citations
84920,Moss v. Riddle & Co,9 U.S. 351,1809-03-13,1,9190,html_with_citations
84902,Bodley v. Taylor,9 U.S. 191,1809-03-14,1,27986,html_with_citations
84905,Hepburn & Dundas v. Auld,9 U.S. 262,1809-03-14,1,20171,html_with_citations
84912,Keene v. The United States,9 U.S. 304,1809-03-14,1,4390,html_with_citations
84919,Owings v. Norwood's Lessee,9 U.S. 344,1809-03-14,1,15630,html_with_citations
84922,Auld v. Norwood,9 U.S. 361,1809-03-14,1,4340,html_with_citations
84925,Sloop Sally v. The United States,9 U.S. 372,1809-03-14,1,4155,html_with_citations
84893,The Hope Insurance Company of Providence v. Boardman,9 U.S. 57,1809-03-15,1,10462,html_with_citations
84894,Bank of the United States v. Deveaux,9 U.S. 61,1809-03-15,1,15845,html_with_citations
84909,Rush v. Parker,9 U.S. 287,1809-03-15,1,1114,html_with_citations
84911,Harrison v. Sterry,9 U.S. 289,1809-03-15,1,9865,html_with_citations
84921,Brent v. Chapman,9 U.S. 358,1809-03-15,1,902,html_with_citations
84923,Slacum v. Simms and Wise,9 U.S. 363,1809-03-15,1,11718,html_with_citations
84924,The United States v. Vowell and M'clean,9 U.S. 368,1809-03-15,1,11002,html_with_citations
2620972,Rodford v. Craig,9 U.S. 289,1809-03-15,1,554,html_with_citations
84903,Taylor & Quarles v. Brown,9 U.S. 234,1809-03-18,1,33238,html_with_citations
84907,"Yeaton and Others, of the Schooner General Pinkney and Cargo v. The United States",9 U.S. 281,1809-03-18,1,3827,html_with_citations
84908,United States v. Potts,9 U.S. 284,1809-03-18,1,1059,html_with_citations
84910,Logan v. Patrick,9 U.S. 288,1809-03-18,1,2053,html_with_citations
84913,United States v. Riddle,9 U.S. 311,1809-03-18,1,983,html_with_citations
84930,"Wilson, Ex Parte",10 U.S. 52,1810-02-01,1,2577,html_with_citations
84934,Riddle and Company v. Mandeville and Jamesson,10 U.S. 86,1810-02-01,1,2064,html_with_citations
84929,Young v. Grundy,10 U.S. 51,1810-02-10,1,710,html_with_citations
84927,Field v. Holland,10 U.S. 8,1810-02-12,1,18880,html_with_citations
84931,Oneale v. Thornton,10 U.S. 53,1810-02-15,1,9707,html_with_citations
84928,Maryland Insurance v. Woods,10 U.S. 29,1810-02-16,1,17196,html_with_citations
84932,King v. Delaware Insurance,10 U.S. 71,1810-02-17,1,7906,html_with_citations
84926,Scott v. Ben,10 U.S. 3,1810-02-18,1,6264,html_with_citations
84939,M'knight v. Craig's Administrator,10 U.S. 183,1810-02-19,1,11170,html_with_citations
84938,Campbell v. Gordon and Wife,10 U.S. 176,1810-02-20,1,4747,html_with_citations
84933,Lewis v. Harwood,10 U.S. 82,1810-02-24,1,5106,html_with_citations
84936,Massie v. Watts,10 U.S. 148,1810-02-28,1,28642,html_with_citations
84940,Kennedy v. Brent,10 U.S. 187,1810-02-28,1,10785,html_with_citations
84953,The Chesapeake Insurance Company v. Stark,10 U.S. 268,1810-03-14,1,4072,html_with_citations
84941,Korn v. Mutual Assurance Soc. Against Fire on Buildings of Va.,10 U.S. 192,1810-03-15,1,7796,html_with_citations
84957,Durousseau v. United States,10 U.S. 307,1810-03-15,1,26322,html_with_citations
84960,The Schooner Rachel v. The United States,10 U.S. 329,1810-03-15,1,2393,html_with_citations
84935,Fletcher v. Peck,10 U.S. 87,1810-03-16,1,49432,html_with_citations
84951,Sheehy v. Mandeville & Jamesson,10 U.S. 253,1810-03-16,1,11391,html_with_citations
84954,Livingston & Gilchrist v. Maryland Insurance,10 U.S. 274,1810-03-16,1,7651,html_with_citations
84956,Smith v. Maryland Ex Rel. Caroll & MacCubbin,10 U.S. 286,1810-03-16,1,8689,html_with_citations
84958,Tyler and Others v. Tuel,10 U.S. 324,1810-03-16,1,7804,html_with_citations
84959,The Schooner Juliana v. The United States. The Ship Alligator v. The United States,10 U.S. 327,1810-03-16,1,5681,html_with_citations
84961,The Brigantine Amiable Lucy v. The United States,10 U.S. 330,1810-03-16,1,6572,html_with_citations
84942,"Atkinson v. The Mutual Assurance Society Against Fire, on Buildings of the State of Virginia",10 U.S. 202,1810-03-17,1,2074,html_with_citations
84944,Marine Ins. Co. of Alexandria v. Hodgson,10 U.S. 206,1810-03-17,1,9133,html_with_citations
84955,Hudson and Smith v. Guestier,10 U.S. 281,1810-03-17,1,5519,html_with_citations
84962,Sere & Laralde v. Pitot,10 U.S. 332,1810-03-17,1,8923,html_with_citations
84963,Maryland Insurance v. Ruden's Administrator,10 U.S. 338,1810-03-17,1,4560,html_with_citations
84937,The United States v. Hall and Worth,10 U.S. 171,1810-03-18,1,13843,html_with_citations
84943,Stewart v. Anderson,10 U.S. 203,1810-03-18,1,5802,html_with_citations
84945,Slacum v. Pomery,10 U.S. 221,1810-03-18,1,11950,html_with_citations
84946,Vasse v. Smith,10 U.S. 226,1810-03-18,1,6960,html_with_citations
84947,Custiss v. The Georgetown and Alexandria Turnpike Company,10 U.S. 233,1810-03-18,1,4292,html_with_citations
84948,Lodge's Lessee v. Lee,10 U.S. 237,1810-03-18,1,2230,html_with_citations
84949,Finley v. Lynn,10 U.S. 238,1810-03-18,1,11546,html_with_citations
84950,De Butts v. Bacon,10 U.S. 252,1810-03-18,1,1363,html_with_citations
84952,Skillern's Executors v. May's Executors,10 U.S. 267,1810-03-18,1,663,html_with_citations
1119486,United States v. Ship Helen,10 U.S. 203,1810-03-18,1,255,html_with_citations
84973,"Hawthorne, of the Brig Clarissa Claiborne v. The United States",11 U.S. 107,1812-02-01,1,800,html_with_citations
2490153,Bingham v. Morris,11 U.S. 99,1812-02-13,1,752,html_with_citations
2490201,Schooner Catherine v. U. STATES,11 U.S. 99,1812-02-13,1,348,html_with_citations
84969,Shirras & Others v. Caig & Mitchel,11 U.S. 34,1812-02-17,1,12987,html_with_citations
84964,Hudson v. Guestier,11 U.S. 1,1812-02-18,1,1569,html_with_citations
84965,FITZSIMMONS & OTHERS v. Ogden & Others,11 U.S. 2,1812-02-20,1,11167,html_with_citations
84966,Brig James Wells v. The U. States,11 U.S. 22,1812-02-20,1,9852,html_with_citations
84975,Whelan v. The United States,11 U.S. 112,1812-02-20,1,2258,html_with_citations
84970,Schooner Paulina's Cargo v. United States,11 U.S. 52,1812-02-21,1,19184,html_with_citations
84967,"Maryland Insurance Company v. Le Roy, Bayard & M'evers",11 U.S. 26,1812-02-22,1,4458,html_with_citations
84977,United States v. Crosby,11 U.S. 115,1812-02-24,1,2413,html_with_citations
84999,United States v. Tyler,11 U.S. 285,1812-02-25,1,2304,html_with_citations
84972,Sloop Active v. United States,11 U.S. 100,1812-02-26,1,5498,html_with_citations
84974,United States v. Goodwin,11 U.S. 108,1812-03-10,1,8272,html_with_citations
84979,"Freeland v. Heron, Lenox & Co.",11 U.S. 147,1812-03-10,1,9740,html_with_citations
84988,Wilson v. Koontz,11 U.S. 202,1812-03-10,1,9285,html_with_citations
84989,Riddle v. Moss,11 U.S. 206,1812-03-10,1,1265,html_with_citations
84993,Wood v. Davis,11 U.S. 271,1812-03-10,1,609,html_with_citations
84971,Russell v. Clark's Executors,11 U.S. 69,1812-03-12,1,22955,html_with_citations
84981,Marsteller and Others v. McClean,11 U.S. 156,1812-03-13,1,3965,html_with_citations
84994,Morgan v. Reintzel,11 U.S. 273,1812-03-13,1,874,html_with_citations
84996,Wallen v. Williams,11 U.S. 278,1812-03-13,1,1107,html_with_citations
84998,Beatty v. The State of Maryland,11 U.S. 281,1812-03-13,1,9100,html_with_citations
2490480,Well v. Jackson,11 U.S. 276,1812-03-13,1,436,html_with_citations
84968,The United States v. Hudson and Goodwin,11 U.S. 32,1812-03-14,1,5170,html_with_citations
84987,Barton v. Petit and Bayard,11 U.S. 194,1812-03-14,1,19683,html_with_citations
84990,Sheehy v. Mandeville,11 U.S. 208,1812-03-14,1,28906,html_with_citations
84991,Conway's Executors & Devisees v. Alexander,11 U.S. 218,1812-03-14,1,15930,html_with_citations
84992,Dunlop v. Munroe,11 U.S. 242,1812-03-14,1,75304,html_with_citations
84995,Blackwell v. Patten and Others,11 U.S. 277,1812-03-14,1,2149,html_with_citations
84997,M'kim v. Voorhies,11 U.S. 279,1812-03-14,1,4730,html_with_citations
2490089,Wise & Lynn v. the Columbian Turnpike Company,11 U.S. 276,1812-03-14,1,454,html_with_citations
84976,The United States v. The Brig Eliza,11 U.S. 113,1812-03-18,1,6463,html_with_citations
84978,Schooner Exchange v. McFaddon,11 U.S. 116,1812-03-18,1,27577,html_with_citations
84980,Welch v. Mandeville,11 U.S. 152,1812-03-18,1,10811,html_with_citations
84982,Welch v. Lindo,11 U.S. 159,1812-03-18,1,4443,html_with_citations
84983,New Jersey v. Wilson,11 U.S. 164,1812-03-18,1,7666,html_with_citations
84984,King v. Riddle,11 U.S. 168,1812-03-18,1,8388,html_with_citations
84985,Davy's Executors v. Faw,11 U.S. 171,1812-03-18,1,11228,html_with_citations
84986,Hughes v. Moore,11 U.S. 176,1812-03-18,1,11515,html_with_citations
85003,The BANK OF COLUMBIA v. PATTERSON’S Adm’r,11 U.S. 299,1813-02-05,1,13584,html_with_citations
85000,The United States v. Gordon and Others,11 U.S. 287,1813-02-10,1,2431,html_with_citations
85002,Queen v. Hepburn,11 U.S. 290,1813-02-12,1,13028,html_with_citations
85004,Clark's Executors v. Carrington,11 U.S. 308,1813-02-13,1,14977,html_with_citations
85005,Dickey v. Baltimore Insurance,11 U.S. 327,1813-02-17,1,8027,html_with_citations
85006,Marine Ins. Co. of Alexandria v. Hodgson,11 U.S. 332,1813-02-18,1,7157,html_with_citations
85007,Locke v. United States,11 U.S. 339,1813-02-19,1,10094,html_with_citations
85008,The Schooner Good Catharine v. The United States,11 U.S. 349,1813-02-20,1,2770,html_with_citations
85009,Bond and Another v. Jay,11 U.S. 350,1813-02-22,1,5218,html_with_citations
85011,Brig Penobscot v. The United States,11 U.S. 356,1813-02-23,1,7305,html_with_citations
85010,Preston v. Tremble,11 U.S. 354,1813-02-24,1,4878,html_with_citations
85012,Caze v. Baltimore Insurance,11 U.S. 358,1813-02-24,1,3349,html_with_citations
85013,The Schooner Jane v. The United States,11 U.S. 363,1813-02-24,1,5053,html_with_citations
85014,Lee v. Munroe,11 U.S. 366,1813-02-26,1,5943,html_with_citations
85015,Herbert & Others v. WREN & OTHERS,11 U.S. 370,1813-02-26,1,13565,html_with_citations
85016,"The Cargo of the Brig Aurora, Burn Side v. The United States",11 U.S. 382,1813-02-26,1,17751,html_with_citations
85017,Schooner Hoppet & Cargo v. United States,11 U.S. 389,1813-02-27,1,10359,html_with_citations
6726503,Williams v. Armroyd,11 U.S. 423,1813-03-08,1,5018,html_with_citations
85026,Holker v. Parker,11 U.S. 436,1813-03-10,1,15907,html_with_citations
85027,Barnitz's Lessee v. Casey,11 U.S. 456,1813-03-11,1,18491,html_with_citations
85028,Blackwell v. Patton & Irwin's Lessee,11 U.S. 471,1813-03-11,1,13494,html_with_citations
85029,Mills v. Duryee,11 U.S. 481,1813-03-11,1,9323,html_with_citations
85020,The Maryland Insurance Company. v. Wood,11 U.S. 402,1813-03-13,1,13778,html_with_citations
85030,Oliver v. Maryland Insurance,11 U.S. 487,1813-03-13,1,16743,html_with_citations
85032,Riggs v. Lindsay,11 U.S. 500,1813-03-15,1,8247,html_with_citations
85033,McIntire v. Wood,11 U.S. 504,1813-03-15,1,2715,html_with_citations
85034,Livingston & Gilchrist v. Maryland Insurance,11 U.S. 506,1813-03-15,1,34395,html_with_citations
85045,Fairfax's v. Hunter's Lessee,11 U.S. 603,1813-03-15,1,38170,html_with_citations
85001,Barton v. Petit,11 U.S. 288,1813-03-16,1,3759,html_with_citations
85031,"Brig Caroline, William Broadfoot v. The United States",11 U.S. 496,1813-03-16,1,11903,html_with_citations
85035,Young v. Crundy,11 U.S. 548,1813-03-16,1,1461,html_with_citations
85036,Palmer v. Allen,11 U.S. 550,1813-03-16,1,38039,html_with_citations
85037,Young v. Black,11 U.S. 565,1813-03-16,1,8249,html_with_citations
85038,Schooner Anne v. United States,11 U.S. 570,1813-03-16,1,477,html_with_citations
85039,U. States v. January & Patterson,11 U.S. 572,1813-03-16,1,6797,html_with_citations
85040,The United States v. Patterson,11 U.S. 575,1813-03-16,1,2392,html_with_citations
85041,Livingston v. Dorgenois,11 U.S. 577,1813-03-17,1,33986,html_with_citations
85042,Otis v. Bacon,11 U.S. 589,1813-03-17,1,8033,html_with_citations
85043,Thornton v. Carson,11 U.S. 596,1813-03-17,1,6789,html_with_citations
85044,Wallen v. Williams,11 U.S. 602,1813-03-17,1,5053,html_with_citations
85018,The Mutual Assurance Society v. Korn and Wisemiller,11 U.S. 396,1813-03-18,1,7849,html_with_citations
85019,Webster v. Hoban,11 U.S. 399,1813-03-18,1,2518,html_with_citations
85021,Ferguson v. Harwood,11 U.S. 408,1813-03-18,1,7589,html_with_citations
85022,Biays v. Chesapeake Insurance,11 U.S. 415,1813-03-18,1,7506,html_with_citations
85023,Stark v. The Chesapeake Insurance Company,11 U.S. 420,1813-03-18,1,9807,html_with_citations
85024,William Williams and Others v. George Armroyd and Others,11 U.S. 423,1813-03-18,1,29735,html_with_citations
85025,Smith and Buchanan v. The Delaware Insurance Company,11 U.S. 434,1813-03-18,1,4520,html_with_citations
1390946,Richards v. Maryland Insurance Co.,12 U.S. 84,1814-02-11,1,5661,html_with_citations
85046,Griffith v. Frazier,12 U.S. 9,1814-02-15,1,24719,html_with_citations
85047,Van Ness v. Forrest,12 U.S. 30,1814-02-15,1,14410,html_with_citations
6726533,Gracie v. Maryland Insurance,12 U.S. 84,1814-02-15,1,722,html_with_citations
85048,Bank of Alexandria v. Herbert,12 U.S. 36,1814-02-16,1,3011,html_with_citations
85049,Marcardier v. Chesapeake Insurance,12 U.S. 39,1814-02-17,1,9906,html_with_citations
85050,Hall v. Leigh,12 U.S. 50,1814-02-18,1,4646,html_with_citations
85051,The Common Council of Alexandria v. Preston,12 U.S. 53,1814-02-19,1,7148,html_with_citations
85056,Clementson v. Williams,12 U.S. 72,1814-02-19,1,2457,html_with_citations
85057,Gracie v. Marine Ins. Co. of Baltimore,12 U.S. 75,1814-02-19,1,5933,html_with_citations
85052,Pleasants v. Maryland Insurance Company,12 U.S. 55,1814-02-21,1,4694,html_with_citations
85053,McCall and Al. v. The Marine Insurance Company,12 U.S. 59,1814-02-21,1,15762,html_with_citations
85054,Smith and Others v. Edrington,12 U.S. 66,1814-02-23,1,4590,html_with_citations
85055,Beale v. Thompson,12 U.S. 70,1814-02-23,1,671,html_with_citations
85058,Gracie v. The Mary'd. Ins. Comp'y,12 U.S. 84,1814-02-25,1,2387,html_with_citations
85059,Crowell and Others v. M'fadon,12 U.S. 94,1814-02-28,1,12676,html_with_citations
6726534,Crowell v. McFadon,12 U.S. 94,1814-02-28,1,1571,html_with_citations
6726540,The Alexander,12 U.S. 169,1814-03-07,1,3936,html_with_citations
85068,Green v. Liter,12 U.S. 229,1814-03-11,1,23060,html_with_citations
85069,Carter's Heirs v. Cutting,12 U.S. 251,1814-03-11,1,4394,html_with_citations
85070,"The Venus, Rae, Master",12 U.S. 253,1814-03-12,3,204663,html_with_citations
85071,The Merrimack,12 U.S. 317,1814-03-12,1,18114,html_with_citations
85072,"The Frances, Boyer, Master. ( Thompson and Al. .)",12 U.S. 335,1814-03-12,1,36692,html_with_citations
1394601,The Frances,12 U.S. 363,1814-03-12,1,645,html_with_citations
85075,Vowles and Others v. Craig and Others,12 U.S. 371,1814-03-14,1,29001,html_with_citations
85074,"The Frances, Boyer, Master: Irvin’s Claim",12 U.S. 418,1814-03-15,3,13347,html_with_citations
85076,"The Sally, Porter, Master",12 U.S. 382,1814-03-15,1,2653,html_with_citations
85077,The Euphrates,12 U.S. 385,1814-03-15,1,3823,html_with_citations
85078,"The Mary, Stafford, Master",12 U.S. 388,1814-03-15,1,1386,html_with_citations
85079,United States v. 1960 Bags of Coffee,12 U.S. 398,1814-03-15,3,60718,html_with_citations
85080,United States v. Brigantine Mars,12 U.S. 417,1814-03-15,1,1003,html_with_citations
85081,"The Thomas Gibbons, Rockwell, Master",12 U.S. 421,1814-03-16,1,10499,html_with_citations
85082,Prince v. Bartlett,12 U.S. 431,1814-03-16,1,7328,html_with_citations
85083,"The St. Lawrence, Webb, Master",12 U.S. 434,1814-03-16,1,9780,html_with_citations
85084,"The Hiram, Barker, Master",12 U.S. 444,1814-03-16,1,8723,html_with_citations
85085,"The Joseph, Sargent, Master",12 U.S. 451,1814-03-16,1,5662,html_with_citations
85086,"The Grotius, Sheafe, Master",12 U.S. 456,1814-03-16,1,14490,html_with_citations
6726565,The Grotius,12 U.S. 456,1814-03-16,1,3301,html_with_citations
85060,Beatty's Administrators v. Burnes's Administrators,12 U.S. 98,1814-03-18,1,26566,html_with_citations
85061,Harford v. United States,12 U.S. 109,1814-03-18,1,2203,html_with_citations
85062,Brown v. United States,12 U.S. 110,1814-03-18,3,165836,html_with_citations
85063,"The Rapid, Perry, Master",12 U.S. 155,1814-03-18,1,21443,html_with_citations
85064,"The Alexander, Picket, Master",12 U.S. 169,1814-03-18,1,32702,html_with_citations
85065,"The Julia, Luce, Master",12 U.S. 181,1814-03-18,1,34729,html_with_citations
85066,"The Aurora, Pike, Master",12 U.S. 203,1814-03-18,1,6535,html_with_citations
85067,The Adventure,12 U.S. 221,1814-03-18,1,8952,html_with_citations
85087,Alexander and Other v. Pendleton,12 U.S. 462,1814-03-18,1,22647,html_with_citations
85088,Pratt v. Carroll,12 U.S. 471,1814-03-18,1,18083,html_with_citations
85090,Meigs and Al v. M'clung's Lessee,13 U.S. 11,1815-02-13,1,5699,html_with_citations
85091,Simms v. Guthrie,13 U.S. 19,1815-02-14,1,10947,html_with_citations
85093,Taber v. Perrott and Lee,13 U.S. 39,1815-02-15,1,4129,html_with_citations
85092,Speake & Others v. U. States,13 U.S. 28,1815-02-16,3,23996,html_with_citations
85094,TERRETT & OTHERS v. Taylor & Others,13 U.S. 43,1815-02-17,1,25995,html_with_citations
85095,The Brig Short Staple & Cargo v. United States,13 U.S. 55,1815-02-17,1,11280,html_with_citations
85089,Mandeville v. Union Bank of Georgetown,13 U.S. 9,1815-02-18,1,928,html_with_citations
85096,Parker v. Rule's Lessee,13 U.S. 64,1815-02-18,1,8610,html_with_citations
85097,Brig Struggle v. United States,13 U.S. 71,1815-02-18,1,12418,html_with_citations
85098,Randolph v. Donaldson,13 U.S. 76,1815-02-21,1,5658,html_with_citations
85099,Polk's Lessee v. Wendal,13 U.S. 87,1815-02-21,1,18014,html_with_citations
85100,The Ship Richmond v. United States,13 U.S. 102,1815-02-22,1,4349,html_with_citations
85101,Arnold and Others v. The United States,13 U.S. 104,1815-02-23,1,38826,html_with_citations
85102,"The St. Lawrence, Webb, Master",13 U.S. 120,1815-02-25,1,3188,html_with_citations
85103,Drummond's Administrators v. Magruder & Co's. Trustees,13 U.S. 122,1815-02-25,1,4039,html_with_citations
85104,"The MARY, Stafford, Mastf",13 U.S. 126,1815-02-25,1,27509,html_with_citations
85105,"Doe, Lessee of Lewis & Wife v. Mfarland & Others",13 U.S. 151,1815-02-27,1,4717,html_with_citations
85106,Clark's Executors v. Van Riemsdyk,13 U.S. 153,1815-02-28,1,24768,html_with_citations
85107,Finley v. Williams,13 U.S. 164,1815-02-28,1,22898,html_with_citations
2518368,U. STATES v. the Cargo of the Fanny,13 U.S. 181,1815-03-01,1,2569,html_with_citations
85118,The Schooner Adeline & Cargo,13 U.S. 244,1815-03-10,1,15817,html_with_citations
85119,"The Brig Ann, McLain, Master",13 U.S. 289,1815-03-10,1,6021,html_with_citations
85120,The Town of Pawlet v. D. CLARK & OTHERS,13 U.S. 292,1815-03-10,1,43022,html_with_citations
85121,Otis v. Watkins,13 U.S. 339,1815-03-10,1,13874,html_with_citations
85122,The BRIG ALERTA & CARGO v. Blas Moran,13 U.S. 359,1815-03-10,1,9149,html_with_citations
85123,"The Grotius, Sheafe, Master",13 U.S. 368,1815-03-10,1,10523,html_with_citations
85124,GETTINGS v. BURCH’S Administratix,13 U.S. 372,1815-03-10,1,1585,html_with_citations
85125,The United States v. Bryan and Woodcock. (Garnishees of Hendrickson.),13 U.S. 374,1815-03-11,1,31029,html_with_citations
85126,"The Brig Concord, Taylor, Master",13 U.S. 387,1815-03-11,1,2056,html_with_citations
85127,"The Nereide, Bennett, Master",13 U.S. 388,1815-03-11,1,105109,html_with_citations
85128,PRATT & OTHERS v. Law & Campbell,13 U.S. 456,1815-03-11,1,38110,html_with_citations
85108,McIver Lessee v. Walker and Another,13 U.S. 173,1815-03-18,1,4896,html_with_citations
85109,Owens v. Hanney,13 U.S. 180,1815-03-18,1,376,html_with_citations
85110,"The United States v. The Cargo of the Ship Fanny, Jennings, Master",13 U.S. 181,1815-03-18,1,1856,html_with_citations
85111,The Frances,13 U.S. 183,1815-03-18,1,8019,html_with_citations
85112,30 HHDS. OF SUGAR v. Boyle & Others,13 U.S. 191,1815-03-18,1,10407,html_with_citations
85113,Evans v. Jordan,13 U.S. 199,1815-03-18,1,7999,html_with_citations
85114,Cargo of the Ship Hazard v. Campbell,13 U.S. 205,1815-03-18,1,6599,html_with_citations
85115,"Ship Societe, Martinson, Master",13 U.S. 209,1815-03-18,1,5045,html_with_citations
85116,U. States v. Giles & Others,13 U.S. 212,1815-03-18,1,30106,html_with_citations
85117,U. States v. Job L. Barber,13 U.S. 243,1815-03-18,1,446,html_with_citations
1655414,The George,14 U.S. 408,1816-01-01,1,9989,html_with_citations
85129,"Negress Sally Henry, by William Henry, Her Father and Next Friend v. Ball",14 U.S. 1,1816-02-10,1,4511,html_with_citations
85130,Davis v. Wood,14 U.S. 6,1816-02-12,1,786,html_with_citations
85132,The Ship Octavia .—Nicholls,14 U.S. 20,1816-02-13,1,3716,html_with_citations
85133,The Mary and Susan .—G. & H. Van Wagenen,14 U.S. 25,1816-02-14,1,19071,html_with_citations
85134,The Mary and Susan .—Richardson,14 U.S. 46,1816-02-14,1,15545,html_with_citations
85131,The Samuel,14 U.S. 9,1816-02-16,1,12069,html_with_citations
85135,The Rugen .—Buhring,14 U.S. 62,1816-02-19,1,15794,html_with_citations
85137,Anderson v. Longden,14 U.S. 85,1816-02-23,1,11101,html_with_citations
85136,Thompson v. Gray,14 U.S. 75,1816-02-26,1,7991,html_with_citations
85138,The Corporation of New-Orleans v. Winter,14 U.S. 91,1816-02-28,1,2408,html_with_citations
85139,The Aurora,14 U.S. 96,1816-02-29,1,19868,html_with_citations
85152,Morean v. United States Insurance,14 U.S. 219,1816-03-11,1,22582,html_with_citations
85153,Welch v. Mandeville,14 U.S. 233,1816-03-11,1,4618,html_with_citations
85151,Renner & Bussard v. Marshall,14 U.S. 215,1816-03-12,1,4096,html_with_citations
85156,Mutual Assurance Society v. Watts,14 U.S. 279,1816-03-13,1,21483,html_with_citations
85159,Harden v. Fisher,14 U.S. 300,1816-03-15,1,6115,html_with_citations
85155,The Edward,14 U.S. 261,1816-03-16,1,28553,html_with_citations
85140,The Venus,14 U.S. 112,1816-03-18,1,5140,html_with_citations
85141,Preston v. Browder,14 U.S. 115,1816-03-18,1,6693,html_with_citations
85142,The Astrea,14 U.S. 125,1816-03-18,1,6980,html_with_citations
85143,Matson v. Hord,14 U.S. 130,1816-03-18,1,18055,html_with_citations
85144,Taylor v. Walton,14 U.S. 141,1816-03-18,1,16656,html_with_citations
85145,Barr v. Lapsley,14 U.S. 151,1816-03-18,1,6767,html_with_citations
85146,Danforth's Lessee v. Thomas,14 U.S. 155,1816-03-18,1,5357,html_with_citations
85147,The Antonia Johanna,14 U.S. 159,1816-03-18,1,22127,html_with_citations
85148,The Nereid,14 U.S. 171,1816-03-18,1,399,html_with_citations
85149,Hepburn and Dundas's Heirs v. Dunlop & Co.,14 U.S. 179,1816-03-18,1,52876,html_with_citations
85150,The St. Joze Indiano,14 U.S. 208,1816-03-18,1,8638,html_with_citations
85154,L'Invincible,14 U.S. 238,1816-03-18,1,16033,html_with_citations
85157,Walden v. The Heirs of Gratz,14 U.S. 292,1816-03-18,1,4362,html_with_citations
85158,The Harrison,14 U.S. 298,1816-03-18,1,2352,html_with_citations
85168,Jones v. Shore's,14 U.S. 462,1816-03-18,1,14499,html_with_citations
85169,Patton's Lessee v. Easton,14 U.S. 476,1816-03-18,1,9547,html_with_citations
85160,Martin v. Hunter's Lessee,14 U.S. 304,1816-03-20,1,105144,html_with_citations
85162,United States v. Coolidge,14 U.S. 415,1816-03-21,1,1596,html_with_citations
85163,The St. Nicholas,14 U.S. 417,1816-03-21,1,25361,html_with_citations
85165,The Elsineur .—Jones,14 U.S. 439,1816-03-21,1,1208,html_with_citations
85161,The Commercen,14 U.S. 382,1816-03-22,4,82089,html_with_citations
85164,Russel v. Trustees of Transylvania University,14 U.S. 432,1816-03-22,1,10183,html_with_citations
85166,The Hiram,14 U.S. 440,1816-03-22,1,6102,html_with_citations
85167,Ammidon v. Smith,14 U.S. 447,1816-03-22,1,8378,html_with_citations
85170,Ross and Morrison v. Reed,14 U.S. 482,1816-03-22,1,3526,html_with_citations
85174,"M'iver, Lessees v. Ragan",15 U.S. 25,1817-02-10,1,5353,html_with_citations
85171,Slocum v. Mayberry,15 U.S. 1,1817-02-12,1,6897,html_with_citations
85182,The Mary,15 U.S. 123,1817-02-14,1,3166,html_with_citations
85184,The Ariadne,15 U.S. 143,1817-02-14,1,1389,html_with_citations
85172,Greenleaf v. Cook,15 U.S. 13,1817-02-18,1,4018,html_with_citations
85179,Beverly v. Brooke,15 U.S. 100,1817-02-19,1,19090,html_with_citations
85173,Otis v. Walter,15 U.S. 18,1817-02-21,1,7202,html_with_citations
85177,Coolidge v. Payson,15 U.S. 66,1817-02-21,1,19413,html_with_citations
85180,McCoul v. Lekamp's Administratrix,15 U.S. 111,1817-02-24,1,14353,html_with_citations
85181,United States v. Sheldon,15 U.S. 119,1817-02-26,1,6133,html_with_citations
85176,Duvall v. Craig,15 U.S. 45,1817-02-27,1,31852,html_with_citations
85205,The London Packet,15 U.S. 371,1817-03-10,1,1692,html_with_citations
85196,The Argo,15 U.S. 287,1817-03-11,1,2270,html_with_citations
85197,Morgan's Heirs v. Morgan,15 U.S. 290,1817-03-11,1,20780,html_with_citations
85199,Shipp v. Miller's Heirs,15 U.S. 316,1817-03-11,1,17654,html_with_citations
85175,Hunter v. Bryant,15 U.S. 32,1817-03-12,1,21083,html_with_citations
85201,Colson v. Thompson,15 U.S. 336,1817-03-12,1,10182,html_with_citations
85191,Patterson v. United States,15 U.S. 221,1817-03-13,1,7651,html_with_citations
85198,Liter v. Green,15 U.S. 306,1817-03-13,1,23211,html_with_citations
85200,The Anna Maria,15 U.S. 327,1817-03-13,1,7622,html_with_citations
85203,Inglee v. Coolidge,15 U.S. 363,1817-03-13,1,3801,html_with_citations
85204,McCluny v. Silliman,15 U.S. 369,1817-03-13,1,4609,html_with_citations
85194,Chirac v. Lessee of Chirac,15 U.S. 259,1817-03-14,1,16679,html_with_citations
85207,Colson v. Lewis,15 U.S. 377,1817-03-14,1,3574,html_with_citations
85188,Laidlaw v. Organ,15 U.S. 178,1817-03-15,1,37270,html_with_citations
85193,The United States v. Tenbroek,15 U.S. 248,1817-03-15,1,19481,html_with_citations
85195,The George,15 U.S. 278,1817-03-15,1,13880,html_with_citations
85202,The Eleanor,15 U.S. 345,1817-03-15,1,12710,html_with_citations
85206,Lenox v. Roberts,15 U.S. 373,1817-03-15,1,1411,html_with_citations
85208,Leeds v. Marine Ins. Co. of Alexandria,15 U.S. 380,1817-03-15,1,7417,html_with_citations
85209,Raborg v. Peyton,15 U.S. 385,1817-03-15,1,8053,html_with_citations
85210,Union Bank of Georgetown v. Laird,15 U.S. 390,1817-03-15,1,3514,html_with_citations
85211,The United States v. Barker,15 U.S. 395,1817-03-15,1,1898,html_with_citations
85212,Thelusson v. Smith,15 U.S. 396,1817-03-15,1,6172,html_with_citations
2527082,The Fortuna,15 U.S. 161,1817-03-17,1,825,html_with_citations
85178,The Dos Hermanos,15 U.S. 76,1817-03-18,1,35684,html_with_citations
85183,The San Pedro,15 U.S. 132,1817-03-18,1,10672,html_with_citations
85185,The William King— Davis,15 U.S. 148,1817-03-18,1,15132,html_with_citations
85187,The Bothnea and the Jahnstoff,15 U.S. 169,1817-03-18,1,14427,html_with_citations
85189,Rutherford v. Greene's Heirs,15 U.S. 196,1817-03-18,1,16782,html_with_citations
85190,Johnson v. Pannel's Heirs,15 U.S. 206,1817-03-18,1,23932,html_with_citations
85192,The Pizarro,15 U.S. 227,1817-03-18,1,19451,html_with_citations
85215,"M'iver, Assignee, &C. v. Kyger",16 U.S. 53,1818-02-10,1,8018,html_with_citations
85216,The Diana,16 U.S. 27,1818-02-10,1,969,html_with_citations
85217,The New York,16 U.S. 27,1818-02-10,1,31142,html_with_citations
1101065,McIver v. Kyger,16 U.S. 24,1818-02-10,1,7740,html_with_citations
85218,The Samuel.— Beach,16 U.S. 77,1818-02-11,1,1677,html_with_citations
85219,"The San Pedro.—valverde, . 1",16 U.S. 78,1818-02-11,1,336,html_with_citations
1101123,The San Pedro,16 U.S. 36,1818-02-11,1,932,html_with_citations
1101108,The Star,16 U.S. 37,1818-02-16,1,33162,html_with_citations
85220,Lanusse v. Barker,16 U.S. 48,1818-02-17,1,37080,html_with_citations
85213,Jackson Ex Dem. People v. Clarke,16 U.S. 1,1818-02-18,1,5515,html_with_citations
85214,The Friendschaft,16 U.S. 7,1818-02-18,1,13658,html_with_citations
85221,Hughes v. The Union Insurance Company,16 U.S. 159,1818-02-18,1,8151,html_with_citations
85222,Swan v. The Union Insurance Company of Maryland,16 U.S. 168,1818-02-18,1,5671,html_with_citations
85223,Dugan v. United States,16 U.S. 82,1818-02-19,1,7114,html_with_citations
85224,Olivera v. The Union Insurance Company,16 U.S. 183,1818-02-19,1,25481,html_with_citations
85225,Shepherd v. Hampton,16 U.S. 94,1818-02-19,1,1090,html_with_citations
85226,Patton v. Nicholson,16 U.S. 96,1818-02-19,1,12579,html_with_citations
85233,United States v. Bevans,16 U.S. 157,1818-02-21,1,10296,html_with_citations
85227,Robinson v. Campbell,16 U.S. 100,1818-02-24,1,30716,html_with_citations
85228,Dunlop v. Hepburn,16 U.S. 231,1818-02-24,1,2043,html_with_citations
85229,United States v. 150 Crates of Earthen-Ware,16 U.S. 110,1818-02-24,1,2252,html_with_citations
85230,Hampton v. M'connel,16 U.S. 234,1818-02-24,1,3258,html_with_citations
1101120,Hampton v. McConnell,16 U.S. 110,1818-02-24,1,5629,html_with_citations
85246,Craig v. Radford,16 U.S. 274,1818-02-25,1,9364,html_with_citations
85231,The Fortuna,16 U.S. 112,1818-02-26,1,16853,html_with_citations
85232,Gelston v. Hoyt,16 U.S. 116,1818-02-27,1,57345,html_with_citations
85234,The Aeolus— Wood,16 U.S. 392,1818-02-27,1,29621,html_with_citations
8403403,The Æolus,16 U.S. 392,1818-02-27,2,13537,html_with_citations
1101164,Murray v. Baker,16 U.S. 249,1818-03-09,1,1123,html_with_citations
85243,The Amiable Nancy,16 U.S. 252,1818-03-11,1,9249,html_with_citations
85244,Craig v. Leslie,16 U.S. 260,1818-03-11,1,24523,html_with_citations
85247,Ross v. Triplett,16 U.S. 276,1818-03-12,1,1018,html_with_citations
85248,The Neptune,16 U.S. 277,1818-03-13,1,13641,html_with_citations
85249,United States v. Palmer,16 U.S. 281,1818-03-14,1,30500,html_with_citations
85235,The Atlanta.— Foussat,16 U.S. 409,1818-03-18,1,32971,html_with_citations
85236,Houston v. Moore,16 U.S. 433,1818-03-18,1,1525,html_with_citations
85237,The Anne,16 U.S. 201,1818-03-18,1,8804,html_with_citations
85238,Brown v. Jackson,16 U.S. 449,1818-03-18,1,3681,html_with_citations
85239,Evans v. Eaton,16 U.S. 210,1818-03-18,1,28160,html_with_citations
85240,Lenox v. Prout,16 U.S. 240,1818-03-18,1,6631,html_with_citations
85241,Burton's Lessee v. Williams,16 U.S. 529,1818-03-18,1,14018,html_with_citations
85242,Murray's Lessee v. Baker,16 U.S. 541,1818-03-18,1,8621,html_with_citations
85245,Cameron v. McRoberts,16 U.S. 272,1818-03-18,1,1677,html_with_citations
85255,The Experiment,17 U.S. 84,1819-02-01,1,1655,html_with_citations
85256,Weightman v. Caldwell,17 U.S. 53,1819-02-10,1,29917,html_with_citations
85252,Evans v. Phillips,17 U.S. 48,1819-02-11,1,1171,html_with_citations
85257,The Sybil,17 U.S. 59,1819-02-15,1,2394,html_with_citations
6726683,Miller v. Nicholls,17 U.S. 311,1819-02-15,1,1467,html_with_citations
6726689,M'Iver's Lessee v. Walker,17 U.S. 444,1819-02-15,1,1452,html_with_citations
6726700,Wheaton v. Sexton's Lessee,17 U.S. 503,1819-02-15,1,4639,html_with_citations
85258,The Caledonian,17 U.S. 60,1819-02-16,1,4888,html_with_citations
85259,The Langdon Cheves: Lamb,17 U.S. 103,1819-02-16,1,1502,html_with_citations
85261,United States v. Howland,17 U.S. 64,1819-02-17,1,17367,html_with_citations
85262,Sturges v. Crowninshield,17 U.S. 70,1819-02-17,1,30473,html_with_citations
85250,Trustees of the Philadelphia Baptist Ass'n v. Hart's Executors,17 U.S. 1,1819-02-18,1,44436,html_with_citations
85251,The Divina Pastora,17 U.S. 37,1819-02-18,1,28347,html_with_citations
85253,Van Ness v. Buel,17 U.S. 48,1819-02-18,1,3190,html_with_citations
85254,Williams v. Peyton's Lessee,17 U.S. 77,1819-02-18,1,12618,html_with_citations
85264,Barr v. Gratz's Heirs,17 U.S. 213,1819-02-19,1,9921,html_with_citations
85263,M'millan v. M'neill,17 U.S. 209,1819-02-20,1,9518,html_with_citations
85265,Eliason v. Henshaw,17 U.S. 118,1819-02-20,1,7298,html_with_citations
85266,Somerville's Executors v. Hamilton,17 U.S. 230,1819-02-20,1,4521,html_with_citations
85267,Bank of Columbia v. Okely,17 U.S. 122,1819-02-22,1,10953,html_with_citations
85268,United States v. Rice,17 U.S. 128,1819-02-22,1,5247,html_with_citations
85269,Brown v. Gilman,17 U.S. 132,1819-02-24,1,38791,html_with_citations
85260,The Friendschaft: Moreira,17 U.S. 105,1819-02-25,1,5922,html_with_citations
85282,Dartmouth College v. Woodward,17 U.S. 250,1819-02-25,1,153275,html_with_citations
1320585,McCulloch v. Maryland,17 U.S. 159,1819-03-06,1,61767,html_with_citations
85273,The General Smith,17 U.S. 214,1819-03-10,1,6826,html_with_citations
85275,Orr v. Hodgson,17 U.S. 221,1819-03-10,1,11138,html_with_citations
85274,McIver Lessee v. Walker,17 U.S. 444,1819-03-11,1,14322,html_with_citations
85277,McArthur v. Browder,17 U.S. 237,1819-03-12,1,9625,html_with_citations
85278,The Neustra Senora De La Caridad: Bages,17 U.S. 497,1819-03-12,1,4045,html_with_citations
85279,Wheaton v. Sexton,17 U.S. 243,1819-03-12,1,4705,html_with_citations
85280,Sergeant's Lessee v. Biddle,17 U.S. 508,1819-03-12,1,8346,html_with_citations
85281,Boyd's Lessee v. Graves,17 U.S. 513,1819-03-12,1,7638,html_with_citations
85270,"The Estrella: Hernandez, 1",17 U.S. 298,1819-03-18,1,14326,html_with_citations
85271,"Miller, for the Use of the United States v. Nicholls",17 U.S. 311,1819-03-18,1,7903,html_with_citations
85272,M'culloch v. State of Maryland,17 U.S. 316,1819-03-18,1,65338,html_with_citations
85276,Astor v. Wells,17 U.S. 466,1819-03-18,1,38769,html_with_citations
85285,McClung v. Ross,18 U.S. 54,1820-02-14,1,19387,html_with_citations
85283,Houston v. Moore,18 U.S. 1,1820-02-16,1,115880,html_with_citations
85284,United States v. Wiltberger,18 U.S. 35,1820-02-18,1,46115,html_with_citations
85286,"The Venus, Jademerowsky",18 U.S. 127,1820-02-21,1,3515,html_with_citations
85288,United States v. Klintock,18 U.S. 144,1820-02-24,1,7771,html_with_citations
85289,United States v. Smith,18 U.S. 71,1820-02-25,1,53245,html_with_citations
85287,The London Packet.— Merino,18 U.S. 132,1820-02-29,1,12008,html_with_citations
85297,Loughborough v. Blake,18 U.S. 146,1820-03-10,1,13619,html_with_citations
85298,MECHANICS'BANK v. Bank of Columbia,18 U.S. 150,1820-03-13,1,6109,html_with_citations
85299,The Josefa Segunda,18 U.S. 156,1820-03-13,1,12992,html_with_citations
85300,Blake v. Doherty,18 U.S. 165,1820-03-13,1,23426,html_with_citations
6726740,Mechanics' Bank v. Bank of Columbia,18 U.S. 326,1820-03-13,1,6429,html_with_citations
85301,Handly's Lessee v. Anthony,18 U.S. 374,1820-03-14,1,17820,html_with_citations
85302,"La Amistad De Rues.-Almiral, Libellant",18 U.S. 385,1820-03-14,1,9710,html_with_citations
85303,Lyle v. Rodgers,18 U.S. 181,1820-03-15,1,9182,html_with_citations
85304,United States v. Holmes,18 U.S. 189,1820-03-15,1,7709,html_with_citations
85305,Owings v. Speed,18 U.S. 192,1820-03-16,1,6003,html_with_citations
85306,Conn v. Penn,18 U.S. 194,1820-03-16,1,6679,html_with_citations
85309,United States v. Lancaster,18 U.S. 198,1820-03-16,1,1549,html_with_citations
85307,Campbell v. Pratt,18 U.S. 196,1820-03-17,1,6465,html_with_citations
85308,The Atalanta.— Faussat,18 U.S. 433,1820-03-17,1,753,html_with_citations
85290,United States v. Furlong,18 U.S. 184,1820-03-18,1,25526,html_with_citations
85291,Stevenson's Heirs v. Sullivant,18 U.S. 207,1820-03-18,1,119469,html_with_citations
85292,Perkins v. Ramsey,18 U.S. 124,1820-03-18,1,11903,html_with_citations
85293,Mandeville v. Welch,18 U.S. 128,1820-03-18,1,11246,html_with_citations
85294,Wallace v. Anderson,18 U.S. 134,1820-03-18,1,1798,html_with_citations
85295,Polk's Lessee v. Wendell,18 U.S. 293,1820-03-18,1,20938,html_with_citations
85296,Marshall v. P. R. Beverley,18 U.S. 313,1820-03-18,1,4101,html_with_citations
